name,baseline,uncertainty
A,-155.97200559888023,4.915687475836583
B,-159.4001199760048,4.359205369251673
C,-146.97060587882424,12.023810602656534
D,-157.9604079184163,11.803870800732835
